t,Vmag,Vangle,fgrid,P,,,,,,
-0.1,0.985,-8.013432,1,55.399948,,#VALUE!,,,,
-0.091667,0.985,-8.013432,1,55.399948,,0.008333,,,,
-0.083334,0.985,-8.013432,1,55.399948,,0.008333,,,,
-0.075001,0.985,-8.013432,1,55.399948,,0.008333,,,,
-0.066668,0.985,-8.013432,1,55.399948,,0.008333,,,,
-0.058335,0.985,-8.013432,1,55.399948,,0.008333,,,,0.008333333
-0.050002,0.985,-8.013432,1,55.399948,,0.008333,,,,
-0.041669,0.985,-8.013432,1,55.399948,,0.008333,,,,
-0.033336,0.985,-8.013432,1,55.399948,,0.008333,,,,
-0.025003,0.985,-8.013432,1,55.399948,,0.008333,,,,
-0.01667,0.985,-8.013432,1,55.399948,,0.008333,,,,
-0.008337,0.985,-8.013432,1,55.399948,,0.008333,,,,
0.004163,0.985,-8.013432,1,55.399948,,0.0125,,,,
0.016662,0.985,-8.013432,1,55.399948,,0.012499,,,,
0.029162,0.985,-8.013432,1,55.399948,,0.0125,,,,
0.041661,0.985,-8.013432,1,55.399948,,0.012499,,,,
0.054161,0.985,-8.013432,1,55.399948,,0.0125,,,,
0.06666,0.985,-8.013432,1,55.399948,,0.012499,,,,
0.07916,0.985,-8.013432,1,55.399948,,0.0125,,,,
0.091659,0.985,-8.013432,1,55.399948,,0.012499,,,,
0.104159,0.985,-8.013432,1,55.399948,,0.0125,,,,
0.116658,0.985,-8.013432,1,55.399948,,0.012499,,,,
0.129158,0.985,-8.013432,1,55.399948,,0.0125,,,,
0.147907,0.985,-8.013432,1,55.399948,,0.018749,,,,
0.166656,0.985,-8.013432,1,55.399948,,0.018749,,,,
0.185405,0.985,-8.013432,1,55.399948,,0.018749,,,,
0.204155,0.985,-8.013432,1,55.399948,,0.01875,,,,
0.222904,0.985,-8.013432,1,55.399948,,0.018749,,,,
0.241653,0.985,-8.013432,1,55.399948,,0.018749,,,,
0.260402,0.985,-8.013432,1,55.399948,,0.018749,,,,
0.279152,0.985,-8.013432,1,55.399948,,0.01875,,,,
0.297901,0.985,-8.013432,1,55.399948,,0.018749,,,,
0.31665,0.985,-8.013432,1,55.399948,,0.018749,,,,
0.335399,0.985,-8.013432,1,55.399948,,0.018749,,,,
0.363523,0.985,-8.013432,1,55.399948,,0.028124,,,,
0.391647,0.985,-8.013432,1,55.399948,,0.028124,,,,
0.419771,0.985,-8.013432,1,55.399948,,0.028124,,,,
0.447895,0.985,-8.013432,1,55.399948,,0.028124,,,,
0.476019,0.985,-8.013432,1,55.399948,,0.028124,,,,
0.504143,0.985,-8.013432,1,55.399948,,0.028124,,,,
0.532266,0.985,-8.013432,1,55.399948,,0.028123,,,,
0.56039,0.985,-8.013432,1,55.399948,,0.028124,,,,
0.588514,0.985,-8.013432,1,55.399948,,0.028124,,,,
0.616638,0.985,-8.013432,1,55.399948,,0.028124,,,,
0.644762,0.985,-8.013432,1,55.399948,,0.028124,,,,
0.686948,0.985,-8.013432,1,55.399948,,0.042186,,,,
0.729134,0.985,-8.013432,1,55.399948,,0.042186,,,,
0.771319,0.985,-8.013432,1,55.399948,,0.042185,,,,
0.813505,0.985,-8.013432,1,55.399948,,0.042186,,,,
0.855691,0.985,-8.013432,1,55.399948,,0.042186,,,,
0.897877,0.985,-8.013432,1,55.399948,,0.042186,,,,
0.940063,0.985,-8.013432,1,55.399948,,0.042186,,,,
0.982248,0.985,-8.013432,1,55.399948,,0.042185,,,,
1.024434,0.985,-8.013432,1,55.399948,,0.042186,,,,
1.06662,0.985,-8.013432,1,55.399948,,0.042186,,,,
1.108806,0.985,-8.013432,1,55.399948,,0.042186,,,,
1.172085,0.985,-8.013432,1,55.399948,,0.063279,,,,
1.235363,0.985,-8.013432,1,55.399948,,0.063278,,,,
1.298642,0.985,-8.013432,1,55.399948,,0.063279,,,,
1.361921,0.985,-8.013432,1,55.399948,,,,,,
1.425199,0.985,-8.013432,1,55.399948,,,,,,
1.488478,0.985,-8.013432,1,55.399948,,,,,,
1.551757,0.985,-8.013432,1,55.399948,,,,,,
1.615036,0.985,-8.013432,1,55.399948,,,,,,
1.678314,0.985,-8.013432,1,55.399948,,,,,,
1.741593,0.985,-8.013432,1,55.399948,,,,,,
1.804872,0.985,-8.013432,1,55.399948,,,,,,
1.89979,0.985,-8.013432,1,55.399948,,,,,,
1.994708,0.985,-8.013432,1,55.399948,,,,,,
2,0.985,-8.013432,1,55.399948,,,,,,
2.008333,0,-91.904681,1,0,,,,,,
2.016666,0,-91.682332,1.000667,0,,,,,,
2.024999,0,-91.479652,1.000951,0,,,,,,
2.033332,0,-91.295735,1.001039,0,,,,,,
2.041665,0,-91.123765,1.00103,0,,,,,,
2.049998,0,-90.960721,1.000993,0,,,,,,
2.058331,0,-90.801803,1.000949,0,,,,,,
2.066664,0,-90.642699,1.000916,0,,,,,,
2.074997,0,-90.479789,1.0009,0,,,,,,
2.08333,0,-90.310171,1.000903,0,,,,,,
2.091663,0,-90.131577,1.000923,0,,,,,,
2.099996,0,-89.942288,1.000958,0,,,,,,
2.108329,0,-89.740903,1.001005,0,,,,,,
2.116662,0,-89.526716,1.001062,0,,,,,,
2.124995,0,-89.298926,1.001126,0,,,,,,
2.133328,0,-89.057049,1.001196,0,,,,,,
2.141661,0,-88.800751,1.00127,0,,,,,,
2.149994,0,-88.529804,1.001348,0,,,,,,
2.158327,0,-88.244064,1.001427,0,,,,,,
2.16666,0,-87.943446,1.001508,0,,,,,,
2.1667,0,-87.941914,1.001508,0,,,,,,
2.1667,0.693969,-4.292169,1.001508,0.128127,,,,,,
2.175033,0.749658,-4.004882,1.001549,0.110376,,,,,,
2.183366,0.794235,-3.685632,1.001573,0.073391,,,,,,
2.191699,0.830181,-3.35305,1.001674,0.669425,,,,,,
2.200032,0.859899,-3.028513,1.001761,1.763515,,,,,,
2.208365,0.8846,-2.722428,1.001783,3.231213,,,,,,
2.216698,0.904907,-2.446977,1.001742,4.331004,,,,,,
2.225031,0.921474,-2.197735,1.001637,5.881935,,,,,,
2.233364,0.934346,-1.983045,1.001511,7.10852,,,,,,
2.241697,0.943702,-1.798413,1.001353,8.587945,,,,,,
2.25003,0.950449,-1.653785,1.00119,9.917284,,,,,,
2.258363,0.955351,-1.551298,1.000997,11.324161,,,,,,
2.266696,0.958988,-1.495158,1.000784,12.686499,,,,,,
2.275029,0.961971,-1.486542,1.000549,14.065564,,,,,,
2.283362,0.964637,-1.526702,1.000299,15.439245,,,,,,
2.291695,0.967037,-1.614157,1.000039,16.817998,,,,,,
2.300028,0.969218,-1.747499,0.999777,18.19782,,,,,,
2.308361,0.971226,-1.925369,0.999519,19.580561,,,,,,
2.316694,0.973094,-2.146057,0.999266,20.965622,,,,,,
2.325027,0.974847,-2.407713,0.999021,22.35331,,,,,,
2.33336,0.976502,-2.70828,0.998784,23.743486,,,,,,
2.341693,0.97807,-3.045469,0.998558,25.136051,,,,,,
2.350026,0.979555,-3.41677,0.998343,26.530735,,,,,,
2.358359,0.980956,-3.819455,0.998141,27.927173,,,,,,
2.366692,0.982268,-4.250586,0.997953,29.324875,,,,,,
2.375025,0.983486,-4.70703,0.99778,30.72325,,,,,,
2.383358,0.984599,-5.185479,0.997623,32.121623,,,,,,
2.391691,0.9856,-5.682471,0.997483,33.51926,,,,,,
2.400024,0.986481,-6.194416,0.997362,34.915399,,,,,,
2.408357,0.987233,-6.717616,0.99726,36.309284,,,,,,
2.41669,0.987853,-7.248304,0.997178,37.700198,,,,,,
2.425023,0.988338,-7.782669,0.997116,39.087501,,,,,,
2.433356,0.988689,-8.31689,0.997074,40.470661,,,,,,
2.441689,0.98891,-8.847172,0.997054,41.849286,,,,,,
2.450022,0.989008,-9.369774,0.997055,43.223148,,,,,,
2.458355,0.988993,-9.881048,0.997077,44.592208,,,,,,
2.466688,0.98888,-10.377466,0.997119,45.956623,,,,,,
2.475021,0.988683,-10.855651,0.997182,47.316756,,,,,,
2.483354,0.988422,-11.312406,0.997264,48.673176,,,,,,
2.491687,0.988117,-11.744736,0.997364,50.026642,,,,,,
2.504187,0.987629,-12.34122,0.997482,52.053666,,,,,,
2.516686,0.987154,-12.87244,0.997637,53.603669,,,,,,
2.529186,0.986763,-13.333984,0.997836,54.425145,,,,,,
2.541685,0.986526,-13.717548,0.998064,54.863723,,,,,,
2.554185,0.986501,-14.017564,0.998323,55.107177,,,,,,
2.566684,0.986732,-14.230629,0.998607,55.252876,,,,,,
2.579184,0.987242,-14.354332,0.99891,55.35036,,,,,,
2.591683,0.988048,-14.390209,0.999227,55.424805,,,,,,
2.604183,0.989137,-14.338771,0.999548,55.487392,,,,,,
2.616682,0.990489,-14.203351,0.99987,55.542897,,,,,,
2.629182,0.992052,-13.986325,1.000187,55.591845,,,,,,
2.647931,0.994683,-13.521597,1.000496,55.652061,,,,,,
2.66668,0.997476,-12.908267,1.000823,55.692908,,,,,,
2.685429,1.000213,-12.172289,1.001169,55.711099,,,,,,
2.704179,1.002692,-11.343513,1.001494,55.705808,,,,,,
2.722928,1.004755,-10.454483,1.001771,55.678972,,,,,,
2.741677,1.006308,-9.539245,1.001983,55.635442,,,,,,
2.760426,1.007327,-8.631715,1.002122,55.581672,,,,,,
2.779176,1.007852,-7.764203,1.002182,55.52488,,,,,,
2.797925,1.007976,-6.96615,1.002162,55.471827,,,,,,
2.816674,1.007825,-6.262791,1.002067,55.427927,,,,,,
2.835423,1.007528,-5.674223,1.001902,55.396389,,,,,,
2.854173,1.007202,-5.215124,1.001678,55.378076,,,,,,
2.872922,1.006928,-4.894337,1.001406,55.371547,,,,,,
2.891671,1.006742,-4.714944,1.001099,55.373522,,,,,,
2.91042,1.006636,-4.674505,1.000771,55.379612,,,,,,
2.92917,1.006562,-4.765458,1.000436,55.385189,,,,,,
2.947919,1.006444,-4.975634,1.000106,55.386245,,,,,,
2.966668,1.006201,-5.288896,0.999793,55.380119,,,,,,
2.985417,1.00576,-5.685879,0.99951,55.365966,,,,,,
3.004167,1.005077,-6.144843,0.999265,55.344912,,,,,,
3.022916,1.004152,-6.642616,0.999066,55.319848,,,,,,
3.041665,1.003025,-7.155613,0.998919,55.2949,,,,,,
3.060414,1.001784,-7.660873,0.998826,55.274721,,,,,,
3.079164,1.000548,-8.13711,0.99879,55.263697,,,,,,
3.097913,0.999446,-8.565478,0.998807,55.265006,,,,,,
3.116662,0.998611,-8.930556,0.998875,55.280349,,,,,,
3.135411,0.99815,-9.220792,0.998988,55.30945,,,,,,
3.154161,0.998135,-9.428899,0.999136,55.350096,,,,,,
3.17291,0.998577,-9.550282,0.999312,55.397743,,,,,,
3.191659,0.999491,-9.591664,0.999507,55.449733,,,,,,
3.210408,1.000762,-9.553403,0.999703,55.498079,,,,,,
3.229158,1.002289,-9.446431,0.9999,55.538381,,,,,,
3.247907,1.003937,-9.283177,1.000083,55.566669,,,,,,
3.266656,1.005558,-9.078428,1.000244,55.580227,,,,,,
3.285405,1.007018,-8.848701,1.000376,55.578287,,,,,,
3.304155,1.008208,-8.611272,1.000473,55.561859,,,,,,
3.322904,1.009057,-8.383449,1.000531,55.533739,,,,,,
3.341653,1.009539,-8.18173,1.000548,55.497975,,,,,,
3.360402,1.009674,-8.021019,1.000524,55.459314,,,,,,
3.379152,1.009518,-7.914078,1.000461,55.422118,,,,,,
3.397901,1.009151,-7.870692,1.000364,55.390395,,,,,,
3.41665,1.008664,-7.897481,1.000236,55.366698,,,,,,
3.435399,1.008141,-7.997409,1.000086,55.352146,,,,,,
3.454149,1.007653,-8.169793,0.99992,55.346451,,,,,,
3.472898,1.007241,-8.41005,0.999748,55.347949,,,,,,
3.491647,1.00692,-8.71,0.999578,55.354153,,,,,,
3.510396,1.006679,-9.058147,0.999419,55.362217,,,,,,
3.529146,1.006485,-9.440153,0.99928,55.369421,,,,,,
3.547895,1.006293,-9.839495,0.999169,55.373626,,,,,,
3.566644,1.006057,-10.238139,0.999092,55.373543,,,,,,
3.585393,1.00574,-10.617511,0.999054,55.368985,,,,,,
3.604143,1.005321,-10.959276,0.999059,55.360779,,,,,,
3.622892,1.004801,-11.246214,0.999108,55.350606,,,,,,
3.641641,1.004205,-11.463002,0.999199,55.340694,,,,,,
3.66039,1.003577,-11.596875,0.999332,55.333413,,,,,,
3.67914,1.002978,-11.638162,0.999501,55.330843,,,,,,
3.697889,1.00247,-11.580703,0.999699,55.334382,,,,,,
3.716638,1.00211,-11.42194,0.99992,55.344494,,,,,,
3.735387,1.001943,-11.163269,1.000156,55.360687,,,,,,
3.754137,1.001988,-10.809892,1.000397,55.381305,,,,,,
3.772886,1.002241,-10.370743,1.000634,55.404063,,,,,,
3.791635,1.00267,-9.858265,1.000859,55.426234,,,,,,
3.810384,1.003221,-9.288067,1.001062,55.445122,,,,,,
3.829134,1.003829,-8.678421,1.001234,55.458432,,,,,,
3.847883,1.004421,-8.049761,1.001369,55.464742,,,,,,
3.866632,1.00493,-7.423781,1.00146,55.463465,,,,,,
3.885381,1.005304,-6.822728,1.001503,55.455101,,,,,,
3.904131,1.005509,-6.268484,1.001493,55.441087,,,,,,
3.92288,1.005537,-5.781663,1.00143,55.423541,,,,,,
3.941629,1.005403,-5.380812,1.001316,55.404952,,,,,,
3.960378,1.005142,-5.081628,1.001152,55.387797,,,,,,
3.979128,1.004801,-4.896288,1.000945,55.374048,,,,,,
3.997877,1.004432,-4.833119,1.000701,55.365073,,,,,,
4.016626,1.004082,-4.896225,1.000428,55.361324,,,,,,
4.035375,1.003793,-5.086881,1.000136,55.363022,,,,,,
4.054125,1.003548,-5.395955,0.999832,55.366438,,,,,,
4.072874,1.003376,-5.819443,0.999534,55.37243,,,,,,
4.091623,1.003237,-6.343216,0.999244,55.377836,,,,,,
4.110372,1.003091,-6.951265,0.998974,55.380512,,,,,,
4.129122,1.002888,-7.624638,0.998736,55.378934,,,,,,
4.147871,1.00258,-8.342064,0.998536,55.372349,,,,,,
4.16662,1.002131,-9.080612,0.998381,55.36091,,,,,,
4.185369,1.001521,-9.816581,0.998278,55.345785,,,,,,
4.204119,1.000758,-10.526264,0.998229,55.328951,,,,,,
4.222868,0.999874,-11.186817,0.998237,55.312927,,,,,,
4.241617,0.998923,-11.777085,0.998302,55.300426,,,,,,
4.260366,0.997981,-12.278351,0.998421,55.293938,,,,,,
4.279116,0.997129,-12.674983,0.99859,55.295333,,,,,,
4.297865,0.996448,-12.954941,0.998804,55.305548,,,,,,
4.316614,0.996007,-13.110144,0.999055,55.324403,,,,,,
4.335363,0.995852,-13.136712,0.999334,55.350602,,,,,,
4.354113,0.995988,-13.033282,0.999632,55.381201,,,,,,
4.372862,0.996434,-12.809195,0.999942,55.41486,,,,,,
4.391611,0.997109,-12.467966,1.000245,55.44617,,,,,,
4.41036,0.997951,-12.02334,1.000542,55.472406,,,,,,
4.42911,0.99887,-11.490655,1.000817,55.490799,,,,,,
4.447859,0.999765,-10.887998,1.001064,55.499316,,,,,,
4.466608,1.000539,-10.235605,1.001273,55.497054,,,,,,
4.485357,1.001111,-9.555228,1.001439,55.484397,,,,,,
4.504107,1.001422,-8.869299,1.001557,55.462832,,,,,,
4.522856,1.00144,-8.200222,1.001622,55.434813,,,,,,
4.541605,1.001169,-7.569559,1.001634,55.403422,,,,,,
4.560354,1.000638,-6.997276,1.001593,55.371936,,,,,,
4.579104,0.999901,-6.501063,1.0015,55.343421,,,,,,
4.597853,0.999025,-6.095744,1.001359,55.320373,,,,,,
4.616602,0.998086,-5.792798,1.001177,55.304414,,,,,,
4.635351,0.997154,-5.600148,1.000959,55.296312,,,,,,
4.654101,0.996287,-5.521827,1.000714,55.295709,,,,,,
4.67285,0.995535,-5.559341,1.00045,55.302103,,,,,,
4.691599,0.994886,-5.705199,1.000175,55.311484,,,,,,
4.710348,0.994374,-5.956293,0.999904,55.324206,,,,,,
4.729098,0.993968,-6.300949,0.999639,55.337244,,,,,,
4.747847,0.993637,-6.726007,0.99939,55.348616,,,,,,
4.766596,0.993347,-7.215982,0.999167,55.356994,,,,,,
4.785345,0.993059,-7.753571,0.998975,55.361637,,,,,,
4.804095,0.992746,-8.320361,0.99882,55.362625,,,,,,
4.822844,0.99239,-8.897418,0.998706,55.360644,,,,,,
4.841593,0.99199,-9.46597,0.998637,55.356906,,,,,,
4.860342,0.991557,-10.008053,0.998613,55.352913,,,,,,
4.879092,0.991115,-10.506472,0.998633,55.350045,,,,,,
4.897841,0.990709,-10.948616,0.998697,55.35033,,,,,,
4.91659,0.990364,-11.320201,0.998798,55.353917,,,,,,
4.935339,0.990121,-11.612405,0.998936,55.361508,,,,,,
4.954089,0.990009,-11.818631,0.999103,55.372926,,,,,,
4.972838,0.990044,-11.935312,0.999292,55.387364,,,,,,
4.991587,0.990227,-11.961884,0.999498,55.403518,,,,,,
5.010336,0.990546,-11.900816,0.999711,55.419924,,,,,,
5.029086,0.990974,-11.757239,0.999926,55.434917,,,,,,
5.047835,0.991474,-11.538823,1.000135,55.447033,,,,,,
5.066584,0.992003,-11.25541,1.000332,55.455166,,,,,,
5.085333,0.992517,-10.918626,1.000511,55.458679,,,,,,
5.104083,0.992977,-10.541421,1.000666,55.457469,,,,,,
5.122832,0.993353,-10.137582,1.000793,55.451941,,,,,,
5.141581,0.993622,-9.721204,1.00089,55.442918,,,,,,
5.16033,0.993776,-9.306161,1.000953,55.431492,,,,,,
5.17908,0.993815,-8.905598,1.000983,55.418852,,,,,,
5.197829,0.993746,-8.532067,1.00098,55.405976,,,,,,
5.216578,0.993589,-8.194782,1.000945,55.394088,,,,,,
5.235327,0.993359,-7.901883,1.000883,55.383662,,,,,,
5.254077,0.993066,-7.661313,1.000797,55.374631,,,,,,
5.272826,0.992723,-7.476396,1.000689,55.367054,,,,,,
5.291575,0.992335,-7.348954,1.000566,55.360584,,,,,,
5.310324,0.991903,-7.278632,1.000434,55.354751,,,,,,
5.329074,0.991422,-7.262954,1.000297,55.348977,,,,,,
5.347823,0.990888,-7.297663,1.000161,55.342944,,,,,,
5.366572,0.990296,-7.376896,1.000031,55.336537,,,,,,
5.385321,0.989647,-7.493515,0.999911,55.329923,,,,,,
5.404071,0.98895,-7.639457,0.999805,55.323563,,,,,,
5.42282,0.988217,-7.806099,0.999715,55.318147,,,,,,
5.441569,0.987473,-7.984645,0.999645,55.314493,,,,,,
5.460318,0.986746,-8.166511,0.999595,55.313409,,,,,,
5.479068,0.986068,-8.343683,0.999566,55.315544,,,,,,
5.497817,0.985473,-8.50907,0.999557,55.321282,,,,,,
5.516566,0.984988,-8.656719,0.999567,55.330609,,,,,,
5.535315,0.984634,-8.781528,0.999594,55.34297,,,,,,
5.554065,0.984429,-8.88172,0.999636,55.358016,,,,,,
5.572814,0.984374,-8.955937,0.999687,55.374626,,,,,,
5.591563,0.98445,-9.003081,0.999745,55.391026,,,,,,
5.610312,0.984639,-9.025477,0.999807,55.406224,,,,,,
5.629062,0.98491,-9.026127,0.999868,55.419052,,,,,,
5.647811,0.985227,-9.009143,0.999926,55.428551,,,,,,
5.66656,0.985554,-8.979486,0.999976,55.434119,,,,,,
5.685309,0.985855,-8.942711,1.000017,55.435594,,,,,,
5.704059,0.986101,-8.904605,1.000046,55.433215,,,,,,
5.722808,0.986273,-8.870925,1.000062,55.427603,,,,,,
5.741557,0.986359,-8.847079,1.000065,55.419659,,,,,,
5.760306,0.986359,-8.837831,1.000054,55.410433,,,,,,
5.779056,0.98628,-8.847089,1.00003,55.400969,,,,,,
5.797805,0.986136,-8.877626,0.999996,55.392195,,,,,,
5.816554,0.985945,-8.930946,0.999952,55.384813,,,,,,
5.835303,0.985725,-9.007166,0.999902,55.379229,,,,,,
5.854053,0.985493,-9.104965,0.999848,55.375549,,,,,,
5.882177,0.985146,-9.284953,0.999795,55.373127,,,,,,
5.9103,0.984816,-9.491822,0.999741,55.373243,,,,,,
5.938424,0.984502,-9.705642,0.999691,55.374181,,,,,,
5.966548,0.984187,-9.902936,0.999661,55.374579,,,,,,
5.994672,0.983855,-10.058922,0.999659,55.3739,,,,,,
6.022796,0.983503,-10.150015,0.999692,55.372611,,,,,,
6.05092,0.983145,-10.156088,0.999761,55.371692,,,,,,
6.079044,0.982814,-10.062911,0.999866,55.372646,,,,,,
6.107168,0.98255,-9.863475,1,55.376336,,,,,,
6.135291,0.982387,-9.559185,1.000155,55.382853,,,,,,
6.163415,0.982342,-9.160178,1.000318,55.391317,,,,,,
6.191539,0.982406,-8.684975,1.000478,55.400093,,,,,,
6.219663,0.982546,-8.159447,1.00062,55.407302,,,,,,
6.247787,0.982713,-7.615139,1.000733,55.411418,,,,,,
6.275911,0.982857,-7.087028,1.000805,55.411778,,,,,,
6.304035,0.98294,-6.610886,1.000827,55.408737,,,,,,
6.332159,0.982945,-6.220435,1.000796,55.40355,,,,,,
6.360282,0.982879,-5.944572,1.00071,55.397887,,,,,,
6.388406,0.982766,-5.804917,1.000572,55.393292,,,,,,
6.41653,0.982633,-5.813935,1.000391,55.390605,,,,,,
6.444654,0.982503,-5.973781,1.000179,55.389738,,,,,,
6.472778,0.982376,-6.275946,0.999948,55.389732,,,,,,
6.500902,0.982237,-6.701714,0.999716,55.389159,,,,,,
6.529026,0.982052,-7.223372,0.999498,55.386736,,,,,,
6.55715,0.981789,-7.806095,0.99931,55.381884,,,,,,
6.585273,0.981428,-8.410383,0.999166,55.375113,,,,,,
6.613397,0.98098,-8.994892,0.999076,55.368005,,,,,,
6.641521,0.980486,-9.519434,0.999048,55.362868,,,,,,
6.669645,0.980016,-9.947913,0.999083,55.362048,,,,,,
6.697769,0.979653,-10.250957,0.999179,55.367143,,,,,,
6.725893,0.979475,-10.407994,0.999331,55.37843,,,,,,
6.754017,0.97953,-10.408642,0.999527,55.3946,,,,,,
6.782141,0.979824,-10.253322,0.999753,55.412954,,,,,,
6.810264,0.980315,-9.953101,0.999995,55.43001,,,,,,
6.838388,0.980922,-9.528788,1.000235,55.442351,,,,,,
6.866512,0.981538,-9.009368,1.000457,55.447484,,,,,,
6.894636,0.982058,-8.429866,1.000647,55.444456,,,,,,
6.92276,0.982398,-7.828787,1.000791,55.434073,,,,,,
6.950884,0.982515,-7.245314,1.000881,55.418617,,,,,,
6.979008,0.982406,-6.716474,1.000911,55.401251,,,,,,
7.007132,0.982111,-6.274522,1.000882,55.385186,,,,,,
7.035255,0.981695,-5.944736,1.000796,55.372978,,,,,,
7.063379,0.981231,-5.743825,1.00066,55.365971,,,,,,
7.091503,0.980782,-5.679028,1.000486,55.364204,,,,,,
7.119627,0.98039,-5.747935,1.000288,55.366625,,,,,,
7.147751,0.980076,-5.939022,1.000078,55.371562,,,,,,
7.175875,0.979835,-6.232764,0.999873,55.37728,,,,,,
7.203999,0.979657,-6.603618,0.999686,55.382668,,,,,,
7.232123,0.979525,-7.021537,0.99953,55.387014,,,,,,
7.260246,0.979433,-7.454887,0.999413,55.390601,,,,,,
7.28837,0.979387,-7.872501,0.999341,55.394176,,,,,,
7.316494,0.979403,-8.245954,0.999319,55.398596,,,,,,
7.344618,0.979503,-8.551452,0.999344,55.404484,,,,,,
7.372742,0.979707,-8.771272,0.999413,55.411921,,,,,,
7.400866,0.980022,-8.894667,0.999518,55.420378,,,,,,
7.42899,0.98044,-8.918212,0.99965,55.428829,,,,,,
7.457114,0.980937,-8.845605,0.999798,55.436027,,,,,,
7.485237,0.981476,-8.686958,0.999951,55.440837,,,,,,
7.513361,0.982013,-8.457667,1.000099,55.442519,,,,,,
7.541485,0.982507,-8.176929,1.000231,55.440903,,,,,,
7.569609,0.982924,-7.866059,1.000339,55.436342,,,,,,
7.597733,0.983243,-7.546725,1.000418,55.429579,,,,,,
7.625857,0.983453,-7.239268,1.000465,55.421498,,,,,,
7.653981,0.983553,-6.961245,1.000479,55.412902,,,,,,
7.682105,0.983548,-6.726314,1.000461,55.404374,,,,,,
7.710228,0.983445,-6.543548,1.000417,55.396241,,,,,,
7.738352,0.983252,-6.417167,1.000353,55.388679,,,,,,
7.766476,0.982979,-6.346728,1.000274,55.381848,,,,,,
7.7946,0.982641,-6.327666,1.000189,55.376031,,,,,,
7.822724,0.982261,-6.352158,1.000104,55.371693,,,,,,
7.850848,0.981867,-6.410173,1.000026,55.369428,,,,,,
7.878972,0.981499,-6.490656,0.99996,55.369826,,,,,,
7.907096,0.981196,-6.58269,0.999908,55.373253,,,,,,
7.935219,0.980993,-6.676566,0.999873,55.37967,,,,,,
7.963343,0.980917,-6.764636,0.999855,55.388537,,,,,,
7.991467,0.980972,-6.84087,0.99985,55.398534,,,,,,
8.019591,0.981169,-6.906332,0.999858,55.409472,,,,,,
8.047715,0.98146,-6.958409,0.999871,55.418523,,,,,,
8.075839,0.981817,-7.001243,0.999889,55.425166,,,,,,
8.103963,0.982197,-7.039586,0.999905,55.428778,,,,,,
8.132087,0.982559,-7.079078,0.999918,55.42917,,,,,,
8.160211,0.982872,-7.125345,0.999923,55.426755,,,,,,
8.188334,0.983118,-7.183108,0.99992,55.422368,,,,,,
8.216458,0.983292,-7.255398,0.99991,55.417038,,,,,,
8.244582,0.983402,-7.342967,0.999893,55.411731,,,,,,
8.272706,0.983461,-7.443929,0.999872,55.407172,,,,,,
8.30083,0.983486,-7.553692,0.99985,55.403743,,,,,,
8.328954,0.983492,-7.665188,0.999833,55.40151,,,,,,
8.357078,0.983489,-7.769389,0.999822,55.400297,,,,,,
8.385202,0.983486,-7.856079,0.999823,55.399837,,,,,,
8.413325,0.983486,-7.914797,0.999839,55.399884,,,,,,
8.441449,0.983494,-7.935879,0.999869,55.400292,,,,,,
8.469573,0.983513,-7.91149,0.999916,55.401017,,,,,,
8.497697,0.983547,-7.836536,0.999977,55.402081,,,,,,
8.525821,0.983602,-7.70939,1.000049,55.403484,,,,,,
8.553945,0.983679,-7.532341,1.000128,55.405149,,,,,,
8.582069,0.983778,-7.311731,1.000209,55.406887,,,,,,
8.610193,0.983894,-7.057764,1.000285,55.408422,,,,,,
8.638316,0.984019,-6.78399,1.000351,55.409464,,,,,,
8.66644,0.984144,-6.50649,1.000401,55.4098,,,,,,
8.694564,0.984257,-6.24281,1.000429,55.409355,,,,,,
8.722688,0.984351,-6.010724,1.000432,55.408235,,,,,,
8.750812,0.984424,-5.826923,1.000407,55.406694,,,,,,
8.778936,0.984476,-5.705715,1.000355,55.405047,,,,,,
8.80706,0.984511,-5.657878,1.000278,55.403575,,,,,,
8.835184,0.984534,-5.689737,1.00018,55.402414,,,,,,
8.863307,0.984549,-5.802553,1.000065,55.401537,,,,,,
8.891431,0.984553,-5.992287,0.999941,55.400753,,,,,,
8.919555,0.984544,-6.249737,0.999816,55.399794,,,,,,
8.947679,0.984515,-6.561067,0.999698,55.398449,,,,,,
8.975803,0.984461,-6.90867,0.999595,55.396672,,,,,,
9.003927,0.984381,-7.272314,0.999514,55.394663,,,,,,
9.032051,0.98428,-7.630492,0.99946,55.392873,,,,,,
9.060175,0.984174,-7.961883,0.999438,55.3919,,,,,,
9.088298,0.984085,-8.246804,0.999449,55.39234,,,,,,
9.116422,0.984037,-8.468553,0.999493,55.394593,,,,,,
9.144546,0.984055,-8.614596,0.999567,55.39877,,,,,,
9.17267,0.984151,-8.677194,0.999666,55.404361,,,,,,
9.200794,0.984324,-8.652492,0.999785,55.410329,,,,,,
9.228918,0.984585,-8.549121,0.999916,55.416983,,,,,,
9.257042,0.984883,-8.370342,1.000047,55.421544,,,,,,
9.285166,0.985194,-8.13119,1.000174,55.423825,,,,,,
9.327351,0.985604,-7.700385,1.000288,55.422423,,,,,,
9.369537,0.985859,-7.238605,1.000384,55.415385,,,,,,
9.411723,0.985916,-6.813041,1.00045,55.405227,,,,,,
9.453909,0.985789,-6.48334,1.000463,55.395246,,,,,,
9.496095,0.985547,-6.293165,1.000417,55.388296,,,,,,
9.53828,0.985269,-6.264421,1.000318,55.385501,,,,,,
9.580466,0.985021,-6.395254,1.00018,55.386324,,,,,,
9.622652,0.984834,-6.661655,1.000023,55.389284,,,,,,
9.664838,0.984718,-7.022341,0.999871,55.392956,,,,,,
9.707024,0.98467,-7.425929,0.999743,55.396621,,,,,,
9.74921,0.984691,-7.819163,0.999656,55.400306,,,,,,
9.791395,0.98479,-8.154803,0.999618,55.404327,,,,,,
9.833581,0.984972,-8.397982,0.999631,55.408724,,,,,,
9.875767,0.985233,-8.530138,0.999688,55.41296,,,,,,
9.917953,0.985546,-8.550133,0.999778,55.416086,,,,,,
9.960139,0.985871,-8.472617,0.999884,55.417168,,,,,,
10.002324,0.986159,-8.324111,0.999991,55.415714,,,,,,
10.04451,0.986364,-8.137654,1.000084,55.411827,,,,,,
10.086696,0.986455,-7.947001,1.000151,55.406104,,,,,,
10.128882,0.986417,-7.781429,1.000186,55.399381,,,,,,
10.171068,0.986251,-7.661974,1.000191,55.392559,,,,,,
10.213253,0.985977,-7.599616,1.000167,55.386574,,,,,,
10.255439,0.985632,-7.595359,1.000125,55.38234,,,,,,
10.297625,0.985268,-7.642231,1.000071,55.380718,,,,,,
10.339811,0.984945,-7.728174,1.000016,55.382241,,,,,,
10.381997,0.984719,-7.839478,0.999968,55.386765,,,,,,
10.424183,0.984624,-7.96386,0.999929,55.393379,,,,,,
10.466368,0.984664,-8.092572,0.999903,55.400545,,,,,,
10.508554,0.98481,-8.221173,0.999887,55.40658,,,,,,
10.55074,0.985015,-8.348936,0.99988,55.410234,,,,,,
10.592926,0.985225,-8.477226,0.999876,55.411136,,,,,,
10.635112,0.985401,-8.607245,0.999874,55.409733,,,,,,
10.677297,0.985522,-8.73793,0.999872,55.407048,,,,,,
10.719483,0.98559,-8.864511,0.99987,55.404159,,,,,,
10.761669,0.985616,-8.977995,0.999871,55.401786,,,,,,
10.803855,0.985615,-9.06607,0.999879,55.400179,,,,,,
10.846041,0.985598,-9.11513,0.999897,55.399233,,,,,,
10.888226,0.985573,-9.11313,0.999927,55.39872,,,,,,
10.930412,0.985545,-9.052696,0.999969,55.398449,,,,,,
10.972598,0.985515,-8.933755,1.000023,55.398369,,,,,,
11.014784,0.985488,-8.765121,1.000081,55.39846,,,,,,
11.05697,0.985463,-8.56451,1.000138,55.398613,,,,,,
11.099156,0.985441,-8.357053,1.000183,55.398749,,,,,,
11.141341,0.98542,-8.172111,1.000209,55.398799,,,,,,
11.183527,0.985397,-8.03908,1.00021,55.398759,,,,,,
11.225713,0.985373,-7.982744,1.000182,55.398673,,,,,,
11.267899,0.985346,-8.018925,1.000125,55.39853,,,,,,
11.310085,0.985313,-8.151431,1.000046,55.398253,,,,,,
11.35227,0.985268,-8.370549,0.999953,55.397689,,,,,,
11.394456,0.985205,-8.653781,0.999859,55.396799,,,,,,
11.436642,0.985122,-8.968484,0.999777,55.395784,,,,,,
11.478828,0.985031,-9.276408,0.999718,55.395152,,,,,,
11.521014,0.984952,-9.538999,0.999692,55.395579,,,,,,
11.5632,0.984915,-9.723024,0.999704,55.397503,,,,,,
11.605385,0.984947,-9.805444,0.999753,55.400858,,,,,,
11.647571,0.985054,-9.776746,0.999832,55.404795,,,,,,
11.689757,0.985219,-9.642402,0.999933,55.408101,,,,,,
11.731943,0.985403,-9.421939,1.000041,55.409559,,,,,,
11.774129,0.985557,-9.146087,1.000142,55.40854,,,,,,
11.816314,0.985641,-8.852119,1.000222,55.405251,,,,,,
11.8585,0.985635,-8.578526,1.000272,55.400637,,,,,,
11.900686,0.985543,-8.359522,1.000286,55.396029,,,,,,
11.942872,0.985392,-8.220374,1.000262,55.392543,,,,,,
11.985058,0.985217,-8.174283,1.000207,55.390859,,,,,,
12.027243,0.985051,-8.221034,1.000127,55.390957,,,,,,
12.069429,0.984916,-8.347831,1.000036,55.392411,,,,,,
12.111615,0.984827,-8.531788,0.999947,55.394659,,,,,,
12.153801,0.984787,-8.743867,0.99987,55.397257,,,,,,
12.195987,0.984799,-8.953282,0.999817,55.399989,,,,,,
12.238173,0.984862,-9.131894,0.999791,55.402744,,,,,,
12.280358,0.984974,-9.257845,0.999795,55.405383,,,,,,
12.343637,0.985211,-9.322677,0.999825,55.408486,,,,,,
12.406916,0.985483,-9.240083,0.999885,55.409695,,,,,,
12.470195,0.985713,-9.043531,0.999969,55.408159,,,,,,
12.533473,0.985829,-8.789496,1.000052,55.403998,,,,,,
12.596752,0.985789,-8.537588,1.000114,55.398415,,,,,,
12.660031,0.985605,-8.333783,1.000145,55.393281,,,,,,
12.723309,0.985341,-8.201799,1.000142,55.390426,,,,,,
12.786588,0.985091,-8.143473,1.000114,55.390958,,,,,,
12.849867,0.984941,-8.145717,1.000073,55.394639,,,,,,
12.913146,0.984931,-8.189738,1.00003,55.399702,,,,,,
12.976424,0.985035,-8.257781,0.999993,55.403811,,,,,,
13.039703,0.985186,-8.335399,0.999966,55.405443,,,,,,
13.102982,0.985317,-8.409772,0.999948,55.40464,,,,,,
13.16626,0.985394,-8.466266,0.999941,55.40264,,,,,,
13.229539,0.985418,-8.486909,0.999943,55.400733,,,,,,
13.292818,0.985405,-8.452639,0.999958,55.399456,,,,,,
13.356097,0.985371,-8.34979,0.999985,55.398686,,,,,,
13.419375,0.98532,-8.177675,1.000023,55.398124,,,,,,
13.482654,0.985257,-7.954283,1.000068,55.397699,,,,,,
13.545933,0.98519,-7.716186,1.000109,55.397536,,,,,,
13.609212,0.985128,-7.51137,1.000135,55.397732,,,,,,
13.67249,0.985078,-7.386266,1.000135,55.398199,,,,,,
13.735769,0.985043,-7.370859,1.000107,55.398694,,,,,,
13.799048,0.985012,-7.467134,1.000052,55.39887,,,,,,
13.862326,0.984975,-7.645341,0.999984,55.398663,,,,,,
13.925605,0.984934,-7.850264,0.999921,55.398474,,,,,,
13.988884,0.984908,-8.016168,0.999879,55.399023,,,,,,
14.052163,0.984927,-8.086052,0.999873,55.400646,,,,,,
14.115441,0.985004,-8.029068,0.999905,55.402721,,,,,,
14.17872,0.985114,-7.850401,0.999967,55.403915,,,,,,
14.241999,0.985201,-7.590338,1.000043,55.403064,,,,,,
14.305277,0.98521,-7.312639,1.000111,55.400242,,,,,,
14.368556,0.985122,-7.085904,1.000152,55.396747,,,,,,
14.431835,0.984965,-6.963683,1.000154,55.394271,,,,,,
14.495114,0.98479,-6.969705,1.000117,55.393666,,,,,,
14.558392,0.984644,-7.092397,1.000051,55.394733,,,,,,
14.621671,0.984552,-7.290037,0.999976,55.396736,,,,,,
14.68495,0.984527,-7.504311,0.999912,55.3991,,,,,,
14.748229,0.984568,-7.677626,0.999873,55.401486,,,,,,
14.811507,0.984669,-7.768721,0.99987,55.40357,,,,,,
14.874786,0.984804,-7.762085,0.999898,55.404824,,,,,,
14.938065,0.984935,-7.669178,0.999948,55.404632,,,,,,
15,0.985014,-7.525128,1.000004,55.402836,,,,,,
15,0.985014,-7.525138,1.000004,55.402843,,,,,,
15,0.985014,-7.525138,1.000004,55.402843,,,,,,
15,0.985014,-7.525138,1.000004,55.402843,,,,,,
15,0.985014,-7.525138,1.000004,55.402843,,,,,,
15,0.985014,-7.525138,1.000004,55.402843,,,,,,
15,0.985014,-7.525138,1.000004,55.402843,,,,,,
15,0.985014,-7.525138,1.000004,55.402843,,,,,,
15,0.985014,-7.525138,1.000004,55.402843,,,,,,
15,0.985014,-7.525138,1.000004,55.402843,,,,,,
15,0.985014,-7.525138,1.000004,55.402843,,,,,,
15,0.985014,-7.525138,1.000004,55.402843,,,,,,
15,0.985014,-7.525138,1.000004,55.402843,,,,,,
15,0.985014,-7.525138,1.000004,55.402843,,,,,,
15,0.985014,-7.525138,1.000004,55.402843,,,,,,
15,0.985014,-7.525138,1.000004,55.402843,,,,,,
15,0.985014,-7.525138,1.000004,55.402843,,,,,,
15,0.985014,-7.525138,1.000004,55.402843,,,,,,
15,0.985014,-7.525138,1.000004,55.402843,,,,,,
15,0.985014,-7.525138,1.000004,55.402843,,,,,,
15,0.985014,-7.525138,1.000004,55.402843,,,,,,
